rank,word,frequency,dispersion
20,kendi,218435,0.95
25,sonra,191249,0.96
30,zaman,160656,0.96
33,kadar,154881,0.96
39,çalış,150234,0.95
38,değil,149658,0.96
45,insan,140522,0.92
51,söyle,123725,0.94
55,başla,114750,0.96
64,üzeri,98790,0.96
65,büyük,95501,0.97
70,çocuk,93583,0.92
69,neden,91434,0.95
77,gerek,86896,0.95
76,dünya,86510,0.95
79,durum,83987,0.94
85,böyle,83266,0.91
81,düşün,82875,0.95
82,getir,79260,0.96
91,kadın,77944,0.91
87,taraf,77391,0.94
103,konuş,71942,0.93
105,ancak,71221,0.93
108,şekil,70943,0.93
102,doğru,69340,0.97
111,nasıl,67388,0.94
109,başka,66296,0.96
110,bütün,66248,0.96
117,geliş,66023,0.89
118,şimdi,65554,0.89
134,sağla,61394,0.88
131,dönem,59697,0.91
136,sonuç,59424,0.91
133,hayat,58742,0.92
137,sahip,57414,0.94
142,çünkü,53673,0.95
145,bırak,51907,0.94
161,diğer,50320,0.9
165,güzel,50139,0.89
155,artık,49211,0.94
153,bekle,49153,0.94
163,bilgi,49099,0.91
154,fazla,48510,0.95
159,değiş,47128,0.96
168,tarih,46812,0.93
175,genel,46689,0.9
174,karar,45808,0.91
172,bugün,44332,0.95
194,belir,42709,0.88
183,küçük,41667,0.95
198,biraz,40594,0.91
199,kitap,40233,0.92
196,sorun,40143,0.93
192,hemen,40017,0.95
213,değer,39541,0.89
202,kazan,38723,0.94
210,anlam,38467,0.93
227,bölge,37657,0.89
217,yaşam,37538,0.92
222,kabul,36669,0.93
231,biçim,35905,0.91
243,temel,35133,0.89
226,devam,34903,0.96
242,belki,34208,0.91
248,ifade,33605,0.92
262,süreç,33300,0.89
258,erkek,33238,0.9
249,çevre,32374,0.95
272,zaten,32264,0.87
292,parti,31644,0.84
264,kimse,31604,0.92
254,içeri,31515,0.96
290,gelir,31178,0.85
265,öğren,31158,0.94
269,hepsi,31118,0.92
287,madde,30772,0.87
267,nokta,30399,0.94
286,savaş,30146,0.9
277,yarat,29919,0.93
273,üzere,29717,0.94
285,görev,29687,0.91
280,yakın,28497,0.97
304,haber,28211,0.9
365,yüzde,28097,0.72
300,bölüm,27991,0.92
303,örnek,27893,0.92
295,şöyle,27798,0.94
301,fakat,27364,0.94
330,düzey,26890,0.85
332,asker,26339,0.85
309,belli,25728,0.97
311,topla,25240,0.97
318,hatta,25203,0.96
346,kurum,24742,0.85
338,uygun,24271,0.91
343,sınıf,24215,0.88
353,seçim,24024,0.86
349,bağlı,23394,0.9
333,hangi,23248,0.96
336,benze,23187,0.96
342,çıkar,22531,0.95
359,deniz,22106,0.92
369,yemek,22103,0.9
374,görüş,21627,0.91
371,duygu,21607,0.91
422,tamam,21517,0.8
394,yazar,21435,0.86
382,bilim,21321,0.89
377,dinle,21205,0.91
390,sabah,20754,0.89
484,sanat,20580,0.72
388,ortam,20412,0.92
378,ileri,20406,0.95
397,kısım,20157,0.9
517,banka,20087,0.69
400,hafta,20061,0.91
393,götür,19746,0.93
395,parça,19614,0.94
396,şehir,19422,0.94
431,akşam,18931,0.89
411,aşağı,18789,0.94
442,sanki,18744,0.87
405,kolay,18660,0.96
426,bakım,18641,0.91
436,hayır,18586,0.89
416,dönüş,18439,0.95
477,işlem,18374,0.82
437,koşul,18367,0.9
423,cevap,18253,0.94
470,kanun,18198,0.85
448,proje,18021,0.89
439,sebep,17983,0.91
463,sokak,17609,0.89
447,ortak,17527,0.91
433,bağla,17482,0.96
473,hedef,17192,0.89
453,tabii,17161,0.92
449,yetiş,17032,0.94
475,savun,17001,0.89
486,kurul,16963,0.87
533,müzik,16821,0.8
589,vergi,16768,0.72
534,hukuk,16760,0.81
596,fiyat,16412,0.73
673,takım,16339,0.64
613,falan,16304,0.72
522,örgüt,16299,0.85
500,sevgi,16092,0.88
512,hanım,16000,0.87
481,fikir,15877,0.93
549,pazar,15866,0.83
506,sınır,15308,0.92
560,milli,15237,0.85
508,doğal,15223,0.93
530,çözüm,15189,0.9
503,geniş,15045,0.94
552,model,15044,0.87
505,bazen,15008,0.94
541,polis,14921,0.89
580,talep,14869,0.82
539,araba,14845,0.9
573,birey,14713,0.85
653,artış,14712,0.74
584,resim,14695,0.83
525,çevir,14684,0.94
687,firma,14674,0.7
559,hesap,14658,0.88
546,kural,14402,0.91
557,bakış,14190,0.91
561,yavaş,14048,0.92
583,kesim,13905,0.88
592,öğret,13808,0.87
575,düzen,13666,0.9
595,duvar,13584,0.89
594,güneş,13468,0.9
565,ciddi,13428,0.95
788,bitki,13249,0.67
585,beyaz,13245,0.92
608,boyut,13177,0.9
619,eylem,13062,0.88
603,yansı,13005,0.92
628,bahçe,12957,0.87
605,güven,12576,0.95
685,lazım,12492,0.83
607,henüz,12397,0.95
612,güçlü,12349,0.95
663,harca,12346,0.87
659,metin,12343,0.87
650,beyin,12327,0.89
647,nüfus,12292,0.9
657,müdür,12157,0.89
703,düşük,12125,0.82
697,sahne,12086,0.84
671,iddia,11984,0.88
654,hayal,11978,0.91
675,çiçek,11940,0.88
651,derin,11893,0.92
676,katkı,11753,0.89
666,korku,11736,0.9
667,hızlı,11587,0.91
662,sıcak,11559,0.93
670,evlen,11554,0.91
721,hasta,11526,0.85
850,hücre,11522,0.7
692,rapor,11453,0.89
712,yatak,11417,0.86
660,istek,11352,0.95
678,zarar,11297,0.92
677,çağır,11286,0.93
716,basın,11283,0.87
698,merak,11226,0.9
702,mutlu,11177,0.89
706,aşama,11132,0.89
729,şarkı,11127,0.87
888,kredi,11093,0.7
681,yönel,11063,0.94
756,hüküm,11010,0.84
754,bağır,10987,0.84
710,dolaş,10965,0.9
705,vakit,10942,0.91
708,acaba,10898,0.91
711,gözle,10897,0.91
770,birim,10806,0.84
730,kulak,10757,0.89
826,roman,10729,0.79
883,satış,10714,0.73
816,lider,10668,0.8
767,tablo,10622,0.85
786,yürek,10564,0.84
732,dergi,10512,0.91
725,baskı,10501,0.92
717,yanıt,10472,0.94
701,hazır,10400,0.96
740,tepki,10361,0.91
733,rahat,10325,0.93
783,silah,10192,0.88
761,inanç,10178,0.9
858,bakan,10163,0.79
779,beden,10154,0.88
780,yaşlı,10098,0.89
743,birer,10003,0.94
824,sapta,9985,0.85
768,gizli,9894,0.92
764,resmi,9878,0.92
815,vücut,9799,0.87
927,ücret,9697,0.76
781,giriş,9657,0.93
812,belge,9648,0.89
804,canlı,9648,0.9
827,unsur,9644,0.87
777,etraf,9618,0.93
894,tarım,9562,0.81
872,yetki,9553,0.83
809,besle,9466,0.91
803,soğuk,9395,0.93
825,çizgi,9332,0.91
829,konum,9327,0.9
818,saygı,9204,0.92
831,öteki,9203,0.91
838,salon,9183,0.9
801,uğraş,9180,0.95
796,zorla,9178,0.96
857,kuzey,9172,0.88
851,idare,9170,0.88
859,balık,9145,0.88
880,gönül,9126,0.86
844,kayıp,9008,0.91
822,başar,8992,0.94
834,hızla,8938,0.93
841,kenar,8928,0.92
849,mesaj,8923,0.91
926,yerel,8915,0.83
835,yoğun,8887,0.94
821,kesin,8850,0.96
860,kayıt,8806,0.91
970,orman,8798,0.8
868,dahil,8794,0.91
867,sayfa,8748,0.91
906,bebek,8709,0.87
870,cümle,8704,0.91
911,barış,8665,0.87
871,sakla,8642,0.92
878,tavır,8612,0.91
910,denge,8592,0.88
863,erken,8518,0.94
1045,bütçe,8448,0.76
896,uzman,8359,0.92
904,yeşil,8349,0.91
932,sınav,8334,0.88
913,yorum,8319,0.91
935,aydın,8292,0.88
916,memur,8260,0.91
877,yolla,8225,0.96
890,çıkış,8156,0.95
915,engel,8149,0.93
1017,yargı,8134,0.82
945,tanım,8130,0.89
936,hafif,8111,0.9
949,güney,8045,0.9
922,yönet,7999,0.92
929,girdi,7968,0.92
950,öneri,7919,0.91
920,takip,7916,0.94
939,kalem,7815,0.93
1002,kitle,7804,0.87
1038,öngör,7751,0.84
982,çeşit,7731,0.9
1032,tutum,7527,0.87
969,yarar,7516,0.93
980,sefer,7476,0.93
1007,eylül,7465,0.91
1063,sivil,7458,0.84
1013,siyah,7424,0.91
1003,kanal,7411,0.92
984,düzel,7383,0.94
1033,husus,7355,0.89
1108,tesis,7342,0.8
1044,tatlı,7324,0.88
1023,beğen,7319,0.9
1031,dokun,7307,0.9
1055,işlev,7300,0.87
991,kavuş,7294,0.95
1005,basit,7292,0.93
1030,yalan,7292,0.9
1088,medya,7286,0.82
1008,haklı,7283,0.93
1009,patla,7269,0.93
1034,altın,7242,0.91
1022,yükle,7211,0.92
1062,kahve,7200,0.87
1011,daire,7194,0.94
1079,buyur,7149,0.86
1115,tanrı,7134,0.82
1047,aşırı,7032,0.91
1040,devir,7006,0.93
1067,organ,6997,0.89
1061,dalga,6968,0.9
1122,salla,6867,0.84
1051,komşu,6866,0.93
1066,kavga,6771,0.92
1078,davet,6692,0.92
1098,köpek,6634,0.89
1123,burun,6609,0.87
1125,önlem,6595,0.87
1090,ekmek,6576,0.91
1089,liste,6506,0.92
1127,suçla,6479,0.89
1112,tören,6472,0.9
1148,rejim,6428,0.87
1086,dağıt,6358,0.95
1191,etkin,6351,0.83
1196,zemin,6350,0.83
1206,aylık,6342,0.82
1119,özgür,6315,0.92
1146,yarım,6301,0.89
1129,geçiş,6270,0.91
1184,radyo,6240,0.85
1179,imkan,6223,0.87
1132,yasak,6208,0.92
1237,kadro,6167,0.82
1113,eksik,6090,0.96
1160,köylü,6077,0.91
1167,suret,6057,0.9
1210,kapsa,6015,0.86
1208,nefes,5994,0.87
1163,demir,5984,0.92
1232,rakam,5961,0.85
1539,kulüp,5922,0.62
1254,filan,5920,0.84
1173,doğum,5914,0.92
1234,teori,5877,0.87
1220,bacak,5871,0.88
1189,yerli,5862,0.91
1154,gözde,5858,0.95
1306,terör,5848,0.79
1393,yüzey,5778,0.73
1230,yayın,5766,0.88
1277,nesne,5765,0.83
1198,mayıs,5749,0.91
1259,saray,5717,0.86
1213,gelin,5711,0.91
1224,huzur,5703,0.9
1219,tatil,5690,0.9
1301,dudak,5687,0.82
1541,döviz,5649,0.65
1396,namaz,5644,0.74
1239,devre,5637,0.9
1242,kavra,5603,0.9
1233,kuşak,5588,0.91
1207,yazık,5583,0.93
1352,dosya,5554,0.79
1268,garip,5518,0.88
1251,tıpkı,5512,0.91
1229,halka,5501,0.93
1404,dolar,5475,0.75
1269,deyiş,5465,0.89
1222,zayıf,5392,0.95
1258,niçin,5390,0.91
1636,yapıt,5387,0.63
1295,meyve,5385,0.87
1312,yasal,5370,0.86
1289,zihin,5354,0.88
1292,darbe,5315,0.89
1325,yavru,5280,0.86
1397,sabit,5271,0.79
1305,mezun,5263,0.88
1421,marka,5257,0.77
1287,paket,5228,0.9
1344,fırla,5218,0.85
1313,şeker,5206,0.88
1286,çabuk,5190,0.91
1296,kanat,5185,0.9
1326,işgal,5175,0.87
1298,civar,5169,0.9
1303,yarış,5163,0.9
1275,niyet,5132,0.94
1290,adeta,5045,0.93
1307,kutla,5044,0.92
1347,yapım,5026,0.88
1356,arazi,5018,0.87
1359,gölge,4933,0.88
1351,metre,4928,0.89
1400,taban,4890,0.85
1355,maddi,4876,0.89
1315,çoğal,4851,0.94
1328,boşal,4849,0.93
1332,nisan,4849,0.92
1406,terim,4822,0.85
1349,fayda,4818,0.91
1331,kağıt,4817,0.93
1322,dağıl,4803,0.94
1395,perde,4798,0.87
1339,gecik,4776,0.93
1414,cephe,4763,0.86
1336,temiz,4762,0.94
1357,temas,4759,0.91
1379,irade,4745,0.9
1389,konuk,4740,0.89
1377,vatan,4722,0.9
1675,rakip,4703,0.69
1470,gövde,4699,0.82
1432,çanta,4697,0.85
1373,kaygı,4690,0.91
1457,titre,4675,0.83
1551,deney,4667,0.78
1392,kasım,4663,0.9
1608,bulgu,4654,0.74
1437,göğüs,4620,0.86
1459,teyze,4615,0.84
1813,sergi,4563,0.64
1472,ekran,4551,0.85
1444,kayna,4535,0.86
1473,tuhaf,4531,0.85
1451,bayan,4511,0.87
1501,soluk,4510,0.83
1474,sinir,4501,0.85
1391,derle,4491,0.94
1509,etken,4459,0.84
1629,ihale,4445,0.76
1455,evren,4440,0.88
1434,aynen,4428,0.9
1486,aktif,4414,0.86
1452,kapla,4383,0.89
1440,bedel,4378,0.9
1548,kuram,4362,0.83
2034,kaşık,4348,0.56
1439,kalın,4337,0.91
1484,vakıf,4307,0.89
1438,tarif,4303,0.92
1458,ayrım,4288,0.91
1424,birik,4287,0.94
1506,bahar,4281,0.87
1464,gizle,4281,0.9
1483,toplu,4259,0.9
1456,denli,4257,0.92
1493,sakin,4224,0.9
1510,yakış,4205,0.89
1481,çıktı,4199,0.91
1556,bulut,4194,0.86
1477,ısrar,4172,0.92
1469,kader,4168,0.92
1463,hakim,4168,0.93
1502,zafer,4164,0.9
1520,düğün,4144,0.89
1610,masal,4139,0.84
1578,heyet,4119,0.86
1544,somut,4110,0.89
1517,boğaz,4107,0.9
1489,gözük,4061,0.94
1546,dilim,4059,0.89
1521,köprü,4058,0.91
1729,ilave,4032,0.78
1563,makam,4018,0.89
1624,boyun,4018,0.85
1522,gerçi,4013,0.92
1607,kemik,3993,0.87
1576,kapak,3978,0.89
1633,oğlan,3977,0.85
1577,yapış,3969,0.89
1536,tüket,3959,0.92
1583,adres,3951,0.89
1797,ölçek,3932,0.75
1603,yolcu,3927,0.89
1621,koyun,3871,0.88
1614,tahta,3845,0.9
1638,iklim,3820,0.88
1623,şubat,3818,0.89
1676,ahlak,3791,0.86
1645,keşke,3781,0.89
1635,özlem,3778,0.89
1726,damar,3761,0.83
1648,uyarı,3750,0.89
1611,üstün,3736,0.93
1745,statü,3731,0.83
1989,albüm,3726,0.68
1631,mezar,3726,0.91
1605,evvel,3722,0.93
1626,halen,3720,0.91
1671,keyif,3686,0.89
1673,sakın,3683,0.89
1649,kuşku,3681,0.91
1826,anket,3678,0.79
1761,zirve,3672,20.0
1698,karın,3667,0.87
1706,çağrı,3636,0.87
2717,sezon,3627,0.42
1669,tarla,3624,0.91
1660,deyim,3607,0.92
1936,besin,3605,0.73
1864,idari,3598,0.79
1736,bomba,3595,0.87
1800,konut,3577,0.82
1763,refah,3575,0.85
1708,hapis,3574,0.89
1667,suçlu,3573,0.92
1732,giysi,3551,0.88
1793,subay,3548,0.84
1720,motor,3541,0.89
1753,türkü,3538,0.87
1717,sabır,3509,0.9
1663,barın,3504,0.94
1746,sofra,3498,0.88
1841,melek,3488,0.82
1733,cadde,3483,0.9
2003,hisse,3483,0.72
1737,isyan,3478,0.89
1725,bünye,3470,0.9
1712,tanık,3456,0.91
1835,mekan,3453,0.83
1854,savcı,3451,0.83
1791,şoför,3431,0.87
1768,delik,3430,0.88
1919,cihaz,3427,0.79
1743,gayet,3423,0.91
1770,şarap,3415,0.88
1724,daima,3396,0.92
1740,diren,3392,0.91
1777,temin,3384,0.88
1820,günah,3359,0.86
1856,tohum,3353,0.85
1993,alkol,3339,0.75
1818,kucak,3338,0.87
1802,tayin,3338,0.88
1772,eşlik,3336,0.9
1790,evlat,3335,0.89
1759,nehir,3328,0.92
1765,satır,3312,0.92
1760,yanıl,3295,0.92
2271,çorba,3284,0.63
1922,çelik,3282,0.82
1883,aleyh,3253,0.86
1870,taksi,3228,0.87
1781,kusur,3225,0.93
1860,çekim,3218,0.88
1828,dönük,3215,0.9
1902,kabuk,3202,0.86
1877,tutku,3180,0.88
2000,tekne,3170,0.79
1833,nesil,3169,0.91
1925,hekim,3165,0.84
1836,mısır,3161,0.91
1867,eğlen,3160,0.89
1904,danış,3155,0.87
1923,kızar,3150,0.85
1873,ideal,3146,0.89
1926,şükür,3139,0.85
1866,yazın,3135,0.9
1903,bunca,3118,0.88
1852,gurur,3092,0.92
1915,duman,3091,0.87
1963,etnik,3075,0.83
1851,hariç,3070,0.93
1977,aslan,3054,0.83
1979,şehit,3050,0.83
1965,süsle,3021,0.85
1928,şahıs,3020,0.88
1974,hüzün,3020,0.84
1885,açlık,3015,0.93
1981,varol,2991,0.85
1895,hayli,2977,0.93
1894,ihmal,2967,0.94
1944,daral,2952,0.89
1959,uzlaş,2931,0.88
1912,kanıt,2930,0.93
2014,tabak,2918,0.85
1943,yığın,2905,0.9
2568,gübre,2901,0.58
2269,ihraç,2881,0.72
2225,ithal,2875,0.74
2060,böcek,2872,0.83
1988,fizik,2868,0.88
2354,şeref,2831,0.69
1932,gidiş,2830,0.94
2001,miras,2826,0.88
2010,bıçak,2822,0.88
2094,ölçüt,2814,0.83
1953,küçül,2812,0.92
2013,torun,2796,0.89
2027,buçuk,2790,0.88
2118,mimar,2785,0.82
2207,düşüş,2777,0.77
1967,tüken,2776,0.92
2055,parla,2774,0.87
1980,liman,2744,0.92
2022,bulaş,2736,0.9
2101,direk,2729,0.85
2075,kırık,2701,0.87
2061,simge,2699,0.89
2096,iptal,2690,0.86
2081,selam,2673,0.88
2221,senet,2655,0.8
2516,borsa,2655,0.66
2174,sevda,2644,0.83
2850,beton,2633,0.54
2237,fırın,2625,0.8
2026,şüphe,2624,0.94
2263,metal,2619,0.79
2058,sahil,2617,0.92
2189,yılan,2617,0.83
2083,kılıç,2614,0.9
2124,acele,2595,0.87
2195,surat,2592,0.83
2057,havuz,2585,0.93
2157,katil,2579,0.86
2082,dilek,2574,0.91
2148,bilet,2571,0.86
2130,coşku,2569,0.87
2175,fıkra,2563,0.85
2368,verim,2561,0.75
2200,bayıl,2552,0.84
2193,düğme,2532,0.85
2100,fakir,2519,0.92
2198,tavuk,2515,0.86
2284,süper,2513,0.81
2144,sıfat,2503,0.89
2617,virüs,2502,0.66
2289,herif,2499,0.81
2390,yakıt,2496,0.76
2203,pembe,2480,0.87
2418,sebze,2476,0.76
2145,yahut,2473,0.9
2146,aldat,2470,0.9
2328,sanık,2459,0.81
2164,kuşat,2448,0.9
2132,hatır,2446,0.92
2257,ceset,2431,0.85
2210,durak,2420,0.88
2156,duruş,2393,0.92
2340,yanak,2393,0.82
2219,kömür,2384,0.89
2947,diyet,2373,0.56
2251,becer,2363,0.88
2300,telaş,2353,0.86
2313,dolap,2342,0.86
2917,soğan,2342,0.58
2821,hakem,2332,0.62
2299,divan,2329,0.87
2281,köken,2323,0.88
2243,maruz,2318,0.9
2233,ikili,2314,0.91
3485,final,2314,0.42
2290,banyo,2307,0.88
2260,sıçra,2305,0.9
2261,yemin,2305,0.9
2406,video,2301,0.82
2231,sahte,2294,0.92
2228,doğuş,2292,0.92
2280,çarşı,2288,0.9
2292,sıyır,2272,0.89
2220,ötürü,2269,0.94
2395,eksen,2269,0.84
2321,kabar,2262,0.88
2240,bozuk,2261,0.93
2238,hitap,2259,0.93
2372,kürsü,2258,0.85
2316,moral,2255,0.89
2525,hacim,2248,0.78
2405,özgün,2243,0.84
2323,vurgu,2234,0.89
2350,beyan,2229,0.88
2286,gayrı,2226,0.92
2314,dışla,2220,0.9
2315,maden,2214,0.91
2332,tavan,2212,0.89
2506,işsiz,2206,0.8
2394,baraj,2191,0.87
2329,yarın,2191,0.91
2381,gümüş,2190,0.88
2375,komik,2181,0.88
2404,esnaf,2178,0.87
2325,kuruş,2172,0.91
2689,kesit,2143,0.73
2353,kaçak,2133,0.91
2435,zehir,2123,0.87
2496,çukur,2123,0.84
2385,kirli,2119,0.9
2493,soyut,2118,0.84
2597,tokat,2116,0.78
2570,ihlal,2113,0.8
2388,içten,2106,0.91
2510,üslup,2106,0.84
2439,yücel,2101,0.88
2521,vapur,2098,0.84
2420,affet,2092,0.89
2413,kumaş,2089,0.9
2419,dayak,2086,0.9
2529,ajans,2085,0.84
2453,torba,2080,0.88
2383,pamuk,2077,0.92
2681,tesir,2072,0.76
2489,konak,2071,0.86
2429,gözet,2066,0.9
2514,giyim,2061,0.85
2845,ölçüm,2053,0.69
2482,saçma,2051,0.88
2445,şahit,2049,0.89
2409,yüklü,2047,0.92
2566,emret,2036,0.83
2487,meğer,2031,0.88
2608,metot,2019,0.82
2494,madem,2007,0.89
2471,kanlı,1998,0.9
2627,stres,1983,0.82
2585,aptal,1983,0.84
2560,desen,1974,0.86
2644,erdem,1966,0.82
2500,masum,1966,0.9
2630,minik,1965,0.83
2643,nöbet,1952,0.83
2596,lamba,1951,0.85
2490,ipucu,1931,0.93
2893,bekçi,1931,0.71
2561,seyir,1924,0.89
2557,fetih,1921,0.89
2543,çamur,1906,0.91
2555,sadık,1905,0.9
2586,kaset,1904,0.88
2580,karış,1902,0.88
3249,kiraz,1890,0.58
2638,prens,1889,0.86
2613,aktör,1886,0.87
2625,ırmak,1882,0.87
2695,nimet,1876,0.83
2633,evrim,1875,0.87
2618,göbek,1870,0.88
3054,figür,1868,0.67
2758,çoban,1864,0.8
2696,vekil,1861,0.84
2600,şapka,1854,0.89
2626,çadır,1846,0.88
2688,yasla,1842,0.85
2609,posta,1829,0.9
2752,kadeh,1825,0.83
2623,yanaş,1820,0.9
2792,pilot,1819,0.8
2632,yedek,1818,0.89
3543,enzim,1813,0.52
2634,kızıl,1813,0.89
2628,küfür,1810,0.9
2680,delil,1801,0.87
2651,keşif,1797,0.89
2679,tütün,1796,0.88
2635,damga,1796,0.9
3052,biber,1796,0.69
2856,cisim,1796,0.78
2709,tipik,1794,0.86
2733,yapay,1792,0.85
2745,ceket,1787,0.85
2653,alkış,1786,0.9
2667,önder,1785,0.89
2611,çiğne,1779,0.93
2675,sözlü,1773,0.89
2783,şirin,1753,0.84
2687,damat,1753,0.89
2671,ilkel,1751,0.91
2741,sakal,1737,0.87
2716,panik,1734,0.89
2891,levha,1729,0.79
2914,kavur,1720,0.79
2697,yokla,1711,0.91
3913,mobil,1708,0.45
4586,forma,1708,0.33
2830,düşle,1707,0.84
2735,değin,1703,0.89
2849,utanç,1699,0.83
2987,koğuş,1686,0.77
2828,istem,1683,0.85
2939,galip,1682,0.8
2791,kıvır,1679,0.87
2760,espri,1677,0.89
2769,öbürü,1674,0.89
2983,sanal,1672,0.78
3139,çubuk,1671,0.71
2683,donat,1670,0.94
2823,tüfek,1660,0.87
2803,unvan,1652,0.88
2899,solcu,1648,0.83
2807,sütun,1646,0.88
3222,limon,1644,0.68
2773,sözde,1638,0.91
3098,yatay,1637,0.74
3185,sözcü,1636,0.7
2813,kaplı,1634,0.88
2988,hasar,1631,0.79
2781,köklü,1625,0.91
2756,abart,1621,0.93
2938,sakat,1621,0.83
2787,tuzak,1621,0.91
2806,doruk,1618,0.9
2916,yanlı,1606,0.84
2915,nasip,1602,0.84
2920,üzgün,1598,0.84
2952,demet,1594,0.83
2967,ahşap,1589,0.83
2833,safha,1587,0.9
2883,tünel,1584,0.87
2851,alçak,1582,0.89
2855,kısal,1582,0.89
2831,buluş,1581,0.9
2998,esnek,1578,0.81
2799,hamle,1577,0.93
2966,çorap,1569,0.84
2871,detay,1567,0.89
3063,zorlu,1566,0.79
3595,mamul,1566,0.58
3254,opera,1560,0.7
2935,sorgu,1550,0.86
3064,mesel,1548,0.8
3022,kurgu,1545,0.82
3155,denek,1545,0.76
2946,meşru,1541,0.86
3056,trend,1539,0.81
2991,ıslak,1535,0.84
3003,kemer,1531,0.83
3070,tepsi,1529,0.8
3012,sunum,1524,0.83
3443,nakit,1518,0.66
3015,nihai,1517,0.83
2878,geçit,1514,0.91
2930,pekiş,1513,0.89
2876,kopya,1510,0.92
2860,saklı,1510,0.93
2992,bilek,1508,0.86
2933,pasta,1506,0.89
2995,zulüm,1496,0.86
3383,motif,1485,0.7
2971,fener,1483,0.88
3018,kokla,1483,0.85
2969,maske,1479,0.89
4052,doğra,1476,0.49
2994,şerit,1476,0.87
3002,kafes,1474,0.87
3219,hamur,1471,0.76
3109,alaka,1469,0.81
2943,vahşi,1468,0.91
2925,layık,1465,0.92
3036,misal,1465,0.86
2986,kılık,1463,0.89
3644,hadis,1463,0.61
3071,nadir,1457,0.84
3061,üçgen,1457,0.85
2968,kimya,1456,0.9
3347,rekor,1455,0.72
2974,mevki,1452,0.9
3131,ritim,1444,0.82
3831,tıkla,1438,0.56
3029,çatla,1434,0.88
3030,engin,1433,0.88
3035,terle,1429,0.88
2997,arşiv,1427,0.9
3444,abone,1424,0.7
3042,ciğer,1423,0.88
3075,arala,1418,0.87
3041,yazım,1416,0.88
3045,nazar,1414,0.88
2964,geçim,1413,0.93
3034,malum,1406,0.89
2996,yıkım,1399,0.92
3223,bölük,1399,0.8
3163,buhar,1395,0.83
3031,heves,1389,0.9
3082,sayım,1387,0.88
3143,yüzük,1382,0.85
3092,yayla,1380,0.87
3026,ispat,1380,0.91
3100,yiğit,1379,0.87
3040,yeğen,1378,0.91
3137,antik,1377,0.86
3192,etmen,1376,0.83
3023,kilit,1373,0.92
3102,asılı,1373,0.88
3133,ilahi,1371,0.86
3279,ünite,1370,0.79
3121,oyala,1370,0.87
3027,cesur,1369,0.92
3101,gevşe,1368,0.88
3159,aşıla,1363,0.85
3073,vasıf,1361,0.9
3108,serin,1360,0.88
3089,mühim,1349,0.9
3145,sepet,1348,0.87
3290,martı,1344,0.8
3157,sinek,1337,0.87
3209,damla,1329,0.85
3085,sürat,1320,0.92
3127,namus,1318,0.9
3250,hamam,1318,0.84
3637,forum,1316,0.68
3147,çeşme,1315,0.89
3134,şifre,1313,0.9
3273,sezgi,1312,0.83
3213,kutup,1305,0.86
3140,evrak,1302,0.9
3171,panel,1297,0.89
3363,komut,1292,0.81
3220,sivri,1292,0.87
3368,tüzük,1289,0.81
3327,içsel,1287,0.82
3258,yenge,1283,0.85
3199,sürgü,1283,0.88
3235,lütuf,1282,0.87
3160,belde,1280,0.91
3212,sapla,1278,0.88
3295,özerk,1276,0.84
3519,doyum,1268,0.75
3224,yalın,1267,0.88
3232,ikram,1265,0.88
3294,bakır,1259,0.85
3385,keman,1258,0.82
3233,yamaç,1257,0.88
3404,salak,1254,0.81
3324,esmer,1251,0.85
3201,yeğle,1250,0.91
3301,yokuş,1249,0.86
3281,vefat,1248,0.87
3536,yağış,1247,0.76
3440,ceviz,1245,0.8
3264,ihbar,1245,0.88
3358,çırak,1239,0.84
3334,bıyık,1238,0.85
3271,yanık,1230,0.88
3391,atama,1226,0.84
3362,fırça,1222,0.85
3508,hücum,1222,0.79
3379,iplik,1221,0.85
3311,kıyas,1221,0.87
3248,çizme,1215,0.91
3303,soylu,1213,0.88
3479,keder,1210,0.81
3369,sarar,1210,0.86
3350,ilham,1201,0.87
3409,bavul,1199,0.84
3490,çavuş,1191,0.82
3341,kibar,1184,0.89
3495,üstat,1183,0.82
3884,haşla,1183,0.66
3351,sömür,1183,0.89
3437,aygıt,1181,0.85
3452,robot,1179,0.84
3439,rahip,1177,0.85
3380,nişan,1176,0.88
3631,kablo,1173,0.76
4036,idrar,1173,0.62
4717,tabur,1171,0.46
3499,kaide,1167,0.83
3445,kazak,1167,0.86
3574,tümce,1166,0.8
3398,tempo,1166,0.87
3464,kesik,1165,0.85
3298,keyfi,1164,0.92
3394,papaz,1157,0.88
3414,balon,1155,0.87
3378,cahil,1145,0.9
3431,yadsı,1145,0.88
3484,lanet,1142,0.85
3448,lokma,1142,0.87
3586,gülüş,1140,0.81
3453,mafya,1138,0.87
3568,yudum,1137,0.82
3366,tamir,1135,0.92
3771,beste,1135,0.73
3451,zarif,1134,0.88
3387,kaçış,1129,0.91
3604,edebi,1128,0.81
3776,kubbe,1125,0.73
3467,şafak,1124,0.88
3502,sızla,1121,0.86
3598,ürper,1119,0.81
3487,çöküş,1111,0.88
3465,yağlı,1110,0.89
3497,pasif,1109,0.88
3450,bunal,1109,0.9
3615,mermi,1109,0.81
3546,zıpla,1106,0.85
4238,eklem,1104,0.6
3607,demin,1104,0.82
3525,diyar,1104,0.86
3652,seans,1103,0.8
3510,taşra,1101,0.87
3626,demeç,1094,0.82
3700,mizah,1089,0.79
3522,iflas,1088,0.88
3571,şayet,1079,0.86
3751,salgı,1077,0.78
4007,başak,1074,0.69
3549,iştah,1069,0.88
3748,tüzel,1063,0.79
3518,makul,1061,0.9
3921,tilki,1061,0.72
4274,kolon,1061,0.62
3554,müjde,1059,0.89
3639,döngü,1057,0.84
3537,gereç,1054,0.9
3840,dekor,1053,0.76
3610,çınar,1051,0.86
3606,çuval,1044,0.87
3839,haram,1040,0.77
3671,kürek,1040,0.84
3550,kumar,1038,0.91
3778,irkil,1036,0.8
3541,domuz,1036,0.91
3538,olgun,1034,0.91
3635,ilkin,1024,0.87
3632,tıbbi,1023,0.87
3985,akrep,1020,0.73
3788,türbe,1018,0.81
3832,infaz,1017,0.79
3685,yatış,1017,0.85
3708,itaat,1015,0.84
3736,prova,1015,0.83
3642,helal,1014,0.88
3995,kavim,1013,0.73
3976,döküm,1013,0.74
3781,köfte,1012,0.81
3609,sancı,1011,0.9
3703,mevzu,1007,0.85
3645,nakil,1007,0.88
3659,incir,1006,0.88
3666,rezil,1004,0.88
3640,bağış,1000,0.89
3656,kasıt,988,0.89
3849,talip,985,0.8
3680,cazip,983,0.88
3792,idrak,982,0.83
3676,zalim,981,0.89
3627,bahis,981,0.91
3712,bitim,981,0.87
3633,fasıl,980,0.91
3871,kuzen,977,0.8
3706,süslü,974,0.88
3647,ender,973,0.91
3869,dikey,972,0.8
4053,taşıt,972,0.74
4258,optik,971,0.68
3923,litre,955,0.8
3789,pilav,954,0.86
3734,eşsiz,950,0.89
3795,geyik,949,0.86
4023,saksı,946,0.77
3908,ebedi,943,0.82
4123,türev,943,0.74
4450,güreş,940,0.64
3691,mesai,937,0.92
3961,hatun,936,0.8
3938,gizem,935,0.81
3747,kolej,935,0.9
3783,nazik,931,0.88
3841,kalça,931,0.86
4066,molla,931,0.77
3830,çanak,930,0.86
3890,davul,930,0.83
3964,yağla,929,0.81
3845,sicil,929,0.86
3909,kodla,924,0.83
4051,kabak,924,0.78
4075,tekil,920,0.77
4419,fosil,920,0.66
3801,şahsi,919,0.89
4020,gitar,917,0.8
3851,metro,915,0.86
3885,diril,913,0.85
4202,ıslah,911,0.74
3996,öznel,910,0.81
4231,ergin,905,0.73
3990,delir,904,0.82
4470,dinci,901,0.66
3918,tövbe,900,0.85
3814,yaban,899,0.9
3935,palto,898,0.85
3794,lisan,898,0.91
3929,ıssız,897,0.85
3882,yaşar,895,0.87
4380,camia,892,0.69
3986,yetim,891,0.83
3861,sabun,890,0.88
3952,fidan,888,0.85
3829,yankı,886,0.91
3892,köpük,884,0.88
4206,kayık,876,0.77
4268,limit,875,0.75
4689,serum,873,0.63
3888,yeşer,871,0.89
3962,derya,870,0.86
4029,esrar,868,0.84
3948,yenik,868,0.87
4013,yazgı,868,0.85
4132,merci,863,0.8
3958,çürük,863,0.87
3970,çatal,861,0.87
3880,katla,860,0.91
3933,beter,860,0.89
4035,kısmi,860,0.84
4295,ümmet,857,0.76
4018,dürtü,856,0.86
3984,filiz,852,0.87
3960,taciz,849,0.89
4104,karga,848,0.83
3966,taviz,848,0.88
4193,nemli,842,0.8
4088,simit,842,0.84
4951,kayaç,826,0.59
4069,tuzlu,825,0.87
4038,uygar,823,0.88
4178,lakin,823,0.83
4004,süpür,820,0.9
4189,kıvam,820,0.83
4034,beşik,818,0.89
4198,ürkek,816,0.83
4044,dikiş,816,0.89
4211,sırıt,815,0.82
4019,eksil,814,0.9
4153,poşet,810,0.85
4028,arıza,809,0.9
4229,tuğla,806,0.82
4194,börek,802,0.84
4135,havlu,800,0.87
4160,sinsi,797,0.86
4090,vezir,797,0.89
4057,ezber,797,0.9
4139,peşin,796,0.87
4082,acemi,796,0.89
4374,nispi,795,0.78
4166,incit,795,0.86
4187,umumi,794,0.85
4416,havza,794,0.77
4298,tekke,790,0.82
4337,sehpa,786,0.8
4179,pençe,786,0.87
4985,havuç,786,0.61
4226,kutlu,783,0.85
4265,atfet,781,0.84
4150,nazlı,781,0.88
4310,kümes,780,0.83
4234,tekme,779,0.85
4291,düdük,773,0.84
4754,vuruş,773,0.68
4817,çekiç,772,0.67
4437,vagon,770,0.79
4246,israf,769,0.86
4576,ikame,768,0.74
4878,hasat,767,0.66
4491,serçe,767,0.77
4208,sapan,767,0.88
4269,mühür,765,0.86
4219,tükür,763,0.88
4260,görgü,761,0.86
4302,tıraş,759,0.85
4373,özgül,759,0.82
4299,horoz,758,0.85
4381,malik,758,0.81
4353,tabut,753,0.83
4397,nikah,752,0.82
4503,ırkçı,751,0.79
4263,rütbe,747,0.88
4435,nazır,744,0.81
4532,kısık,743,0.79
4262,saman,741,0.89
4587,sığır,741,0.77
4362,teras,739,0.84
4417,ferdi,738,0.83
4338,çınla,738,0.86
4324,kemir,738,0.86
4441,çakıl,737,0.82
4451,çizim,737,0.82
4394,kulis,735,0.84
4546,lokal,735,0.79
4297,villa,731,0.89
4210,karlı,730,0.92
4496,ergen,729,0.81
4358,elmas,729,0.86
4196,karşı,728,0.93
4369,alarm,728,0.85
4767,flört,727,0.72
4853,satım,727,0.7
4261,kopuk,724,0.91
4418,nabız,724,0.84
4320,ayran,723,0.88
4395,ahali,721,0.85
4311,inkar,720,0.89
4393,ödünç,719,0.86
4318,arena,714,0.9
4480,zümre,712,0.84
4306,sitem,712,0.91
4392,bucak,711,0.87
4414,nizam,710,0.86
4345,yumak,709,0.89
4267,kısır,706,0.93
4278,itici,703,0.93
4468,muhit,694,0.86
4459,sakız,692,0.87
4482,kasap,690,0.86
4366,açmaz,689,0.9
4620,sağcı,689,0.81
4598,çalgı,688,0.82
4536,ibret,687,0.85
4475,terzi,687,0.87
4486,anons,687,0.87
4375,vahim,687,0.9
4462,makas,684,0.87
4455,sağır,681,0.88
4432,acılı,681,0.89
4703,anten,680,0.8
4967,emlak,680,0.71
4681,çayır,678,0.81
4501,karne,677,0.87
4916,mevzi,674,0.73
4530,sapık,673,0.87
4571,enkaz,670,0.85
4490,terfi,669,0.89
4631,hafız,669,0.84
4737,sedir,668,0.8
4607,çehre,665,0.85
4654,buzul,665,0.83
4507,kazık,664,0.89
4390,titiz,662,0.93
4720,fahri,662,0.81
4569,azami,661,0.87
4623,tetik,660,0.85
4781,buruş,658,0.79
4879,dizge,656,0.77
4752,sözel,656,0.81
4570,zerre,656,0.87
4558,balta,655,0.88
4721,demle,653,0.82
4782,dekan,652,0.8
4611,alçal,649,0.87
4697,viski,648,0.84
4842,mısra,645,0.79
4723,yeral,645,0.83
4711,çimen,643,0.84
4655,daimi,643,0.86
4605,teyit,642,0.88
4706,arzet,641,0.85
4719,alaca,640,0.84
4674,kebap,640,0.86
4646,rutin,640,0.87
4660,susuz,639,0.87
4594,cılız,639,0.88
4671,telif,638,0.86
4769,kuytu,638,0.82
4572,sakar,638,0.9
4802,pabuç,631,0.82
4798,iftar,629,0.83
4766,sevap,629,0.84
4707,nüsha,623,0.87
4776,tufan,621,0.84
4813,madam,619,0.84
4926,harem,619,0.79
4610,lüzum,618,0.91
4932,ileti,617,0.79
4713,şölen,617,0.87
4632,kılıf,616,0.91
4810,tuzla,616,0.84
4965,kopuş,616,0.78
4913,topal,614,0.81
4728,lafla,609,0.88
4760,kütük,606,0.87
4800,kukla,604,0.86
4753,kabin,603,0.88
4977,kireç,603,0.79
4954,öksür,601,0.8
4836,kamaş,599,0.85
4718,yaşıt,597,0.9
4957,kabir,596,0.81
4726,imdat,596,0.9
4768,nutuk,596,0.88
4880,tahıl,594,0.85
4847,harbi,592,0.86
4921,kilim,592,0.83
4892,valiz,592,0.84
4866,afyon,592,0.85
4929,branş,590,0.83
4757,çağla,590,0.89
4876,helva,589,0.85
4794,aldan,584,0.89
4911,uçsuz,583,0.85
4843,ahenk,582,0.88
4815,imren,581,0.89
4938,armut,580,0.84
4837,küsur,579,0.88
4897,topuk,578,0.86
4899,pasaj,577,0.86
4858,irfan,574,0.88
4893,belle,570,0.88
4955,hudut,567,0.85
4924,ampul,563,0.87
4946,facia,558,0.87
4970,ambar,556,0.86
4886,ermiş,556,0.9
4841,üzücü,555,0.92
4982,ördek,550,0.87
4945,fişek,549,0.88
4990,yağma,536,0.89
